index,Year,Team,Age,Pos,G,PA,effective PA,AB,R,H,2B,3B,HR,TB,RBI,SB,CS,BB,HP,IB,SO,GDP,SH,SF,AVG,OBP,SLG,OPS,R/ePA,wRC+,WAR,Name,Graduate
0,2018, 롯데,19.0,3B,87,226,226,211,24,49,13,1,4,76,25,0,1,12,2,0,58,7,0,1,0.232,0.279,0.360,0.639,-0.073,49.7,-1.09,한동희,고졸
1,2017, 롯데,28.0,3B,60,133,131,117,18,34,6,2,1,47,16,4,0,10,3,0,38,2,2,1,0.291,0.359,0.402,0.761,0.004,105.1,0.79,황진수,고졸
2,2023, LG,27.0,2B,122,331,314,282,47,78,5,2,0,87,28,37,17,29,1,0,34,5,17,2,0.277,0.344,0.309,0.653,-0.018,89.1,1.43,신민재,고졸
3,2013, LG,23.0,1B,93,240,234,217,31,58,10,1,4,82,25,8,5,13,3,0,71,1,6,1,0.267,0.316,0.378,0.694,-0.019,87.2,0.59,문선재,고졸
4,2015, 두산,27.0,1B,48,180,179,153,24,36,8,0,7,65,22,4,1,22,2,1,39,6,1,2,0.235,0.335,0.425,0.760,0.011,112.1,0.62,김재환,고졸
5,2015, 한화,21.0,CF,42,141,130,114,17,29,4,0,2,39,8,5,2,10,6,0,27,4,11,0,0.254,0.346,0.342,0.688,-0.022,88.9,0.25,장운호,고졸
6,2013, 롯데,29.0,LF,69,216,215,180,23,43,15,2,4,74,27,4,3,33,2,1,66,4,0,1,0.239,0.361,0.411,0.772,0.002,104.3,0.62,김대우,고졸
7,2013, 롯데,26.0,LF,40,166,161,137,19,36,10,0,0,46,10,8,5,21,3,0,31,1,5,0,0.263,0.373,0.336,0.709,-0.017,89.4,0.38,김문호,고졸
8,2020, SK,21.0,2B,66,207,202,182,23,43,4,0,3,56,14,1,1,19,0,0,28,3,5,1,0.236,0.307,0.308,0.615,-0.053,63.0,-0.37,최준우,고졸
9,2012, 두산,22.0,3B,92,173,167,154,28,41,8,0,0,49,14,9,8,7,5,0,17,7,6,1,0.266,0.317,0.318,0.635,-0.032,76.9,-0.08,허경민,고졸
10,2015, LG,23.0,C,126,313,306,279,26,76,11,1,8,113,37,2,1,19,7,0,55,10,7,1,0.272,0.333,0.405,0.738,-0.011,95.8,-1.99,유강남,고졸
11,2012, 두산,24.0,3B,81,238,232,210,29,57,11,2,2,78,22,4,3,18,3,0,23,2,6,1,0.271,0.336,0.371,0.707,0.001,106.1,1.81,최주환,고졸
12,2016, KIA,24.0,LF,47,144,142,132,18,35,8,4,2,57,15,1,2,9,1,0,38,2,2,0,0.265,0.317,0.432,0.749,-0.032,81.3,0.26,오준혁,고졸
13,2019, KIA,22.0,1B,57,163,163,150,14,38,8,1,0,48,14,3,2,9,4,0,29,3,0,0,0.253,0.313,0.320,0.633,-0.040,69.9,-0.19,류승현,고졸
14,2002, 롯데,20.0,DH,74,281,280,255,27,71,19,0,8,114,32,1,0,19,7,1,66,6,0,0,0.278,0.345,0.447,0.792,0.007,114.4,1.16,이대호,고졸
15,2022, 키움,24.0,1B,57,168,165,140,18,25,6,0,4,43,14,0,0,21,3,0,56,0,3,1,0.179,0.297,0.307,0.604,-0.040,68.9,-0.08,김수환,고졸
16,2019, NC,24.0,LF,123,399,394,374,44,103,14,5,5,142,46,12,4,16,1,0,67,3,5,3,0.275,0.305,0.380,0.685,-0.018,88.9,2.64,김태진,고졸
17,2005, LG,19.0,RF,106,340,337,314,41,76,10,3,8,116,42,3,1,17,4,0,69,6,3,2,0.242,0.288,0.369,0.657,-0.046,69.2,-0.06,정의윤,고졸
18,2019, 한화,19.0,1B,91,192,191,177,19,33,8,1,1,46,13,2,2,11,2,0,72,3,1,1,0.186,0.241,0.260,0.501,-0.083,33.4,-1.28,노시환,고졸
19,2021, LG,22.0,RF,62,171,171,154,22,38,6,0,5,59,17,5,1,14,2,0,48,2,0,1,0.247,0.316,0.383,0.699,-0.022,85.2,0.75,이재원,고졸
20,2020, 두산,22.0,2B,101,108,106,89,30,23,2,1,0,27,6,13,4,14,2,0,25,2,2,1,0.258,0.368,0.303,0.671,-0.005,99.2,0.67,이유찬,고졸
21,2022, 키움,20.0,SS,112,393,390,333,40,74,12,1,8,112,36,0,0,39,14,0,115,6,3,4,0.222,0.326,0.336,0.662,-0.016,89.8,0.03,김휘집,고졸
22,2008, 롯데,20.0,RF,80,250,248,218,31,66,11,1,3,88,17,2,3,28,2,0,35,4,2,0,0.303,0.387,0.404,0.791,0.033,134.1,1.66,손아섭,고졸
23,2010, LG,20.0,SS,125,417,410,352,59,85,13,6,13,149,61,13,2,44,7,0,137,1,7,7,0.241,0.332,0.423,0.755,-0.019,93.7,2.35,오지환,고졸
24,2022, 삼성,26.0,C,63,185,184,161,16,54,10,0,3,73,26,0,0,18,2,0,40,4,1,3,0.335,0.402,0.453,0.855,0.040,136.9,1.17,김재성,고졸
25,2020, 한화,25.0,2B,55,113,112,102,14,22,4,1,0,28,6,0,1,7,3,0,31,0,1,0,0.216,0.286,0.275,0.561,-0.076,45.3,-0.38,노태형,고졸
26,2013, SK,26.0,LF,26,114,110,100,21,34,3,2,1,44,11,6,4,9,0,0,22,1,4,1,0.340,0.391,0.440,0.831,0.030,127.5,0.89,이명기,고졸
27,2023, 키움,19.0,C,102,242,239,211,22,51,5,2,2,66,17,0,0,17,8,0,55,7,3,3,0.242,0.318,0.313,0.631,-0.030,79.0,0.48,김동헌,고졸
28,2007, 두산,19.0,LF,99,353,351,319,33,87,19,3,5,127,32,5,2,26,5,1,46,12,1,2,0.273,0.335,0.398,0.733,0.002,105.2,0.86,김현수,고졸
29,2016, 두산,27.0,RF,58,174,174,151,28,42,11,0,4,65,24,1,1,21,1,0,36,1,0,1,0.278,0.368,0.430,0.798,-0.003,101.4,0.64,국해성,고졸
30,2019, SK,22.0,2B,65,108,107,102,14,24,3,0,0,27,5,7,3,4,0,0,28,3,1,1,0.235,0.262,0.265,0.527,-0.073,42.7,-0.05,안상현,고졸
31,2011, 넥센,25.0,1B,46,118,116,100,13,23,5,0,1,31,11,2,0,15,1,1,24,2,1,1,0.230,0.333,0.310,0.643,-0.029,80.4,0.21,오재일,고졸
32,2017, KT,29.0,1B,83,223,223,209,28,60,9,0,4,81,24,1,0,6,3,0,44,7,0,5,0.287,0.309,0.388,0.697,-0.050,65.4,-0.83,김동욱,고졸
33,2021, 한화,21.0,LF,34,112,110,98,11,14,5,0,1,22,7,2,1,8,2,0,39,2,2,2,0.143,0.218,0.224,0.442,-0.128,1.2,-0.94,유로결,고졸
34,2015, KIA,20.0,SS,69,150,146,137,13,25,5,1,0,32,6,3,1,9,0,0,37,2,4,0,0.182,0.233,0.234,0.467,-0.130,9.7,-1.29,박찬호,고졸
35,2005, 롯데,19.0,3B,72,200,187,163,21,33,10,1,1,48,18,0,0,18,4,0,58,1,13,2,0.202,0.294,0.294,0.588,-0.061,58.8,0.12,이원석,고졸
36,2019, KIA,26.0,2B,57,130,129,123,9,37,5,2,1,49,9,2,2,5,0,0,12,2,1,1,0.301,0.326,0.398,0.724,0.001,105.0,0.68,황윤호,고졸
37,2006, SK,24.0,LF,65,201,191,172,24,43,10,2,3,66,23,6,5,14,3,0,40,2,10,2,0.250,0.314,0.384,0.698,-0.005,98.6,0.59,박재상,고졸
38,2006, 두산,22.0,2B,116,359,352,315,38,85,15,5,2,116,29,14,10,24,12,0,59,6,7,1,0.270,0.344,0.368,0.712,0.001,104.4,1.93,고영민,고졸
39,2022, NC,22.0,3B,83,259,259,231,25,55,10,0,6,83,31,0,5,22,3,0,58,4,0,3,0.238,0.309,0.359,0.668,-0.016,89.4,0.06,오영수,고졸
40,2010, 넥센,24.0,C,53,160,156,135,16,34,6,0,0,40,14,2,1,17,1,0,30,4,4,3,0.252,0.333,0.296,0.629,-0.042,76.2,0.44,유선정,고졸
41,2021, NC,24.0,SS,111,315,312,273,37,57,7,2,8,92,31,4,3,27,10,0,92,9,3,2,0.209,0.301,0.337,0.638,-0.035,75.2,0.54,박준영,고졸
42,2022, SSG,22.0,1B,77,266,264,241,36,60,15,1,13,116,45,0,0,24,0,3,84,6,0,1,0.249,0.316,0.481,0.797,0.008,109.6,0.47,전의산,고졸
43,2015, KT,20.0,LF,82,179,172,156,21,43,2,3,0,51,10,12,7,14,2,0,30,3,7,0,0.276,0.343,0.327,0.670,-0.029,83.4,-0.16,김민혁,고졸
44,2016, SK,26.0,LF,57,150,150,143,19,48,8,0,6,74,23,2,1,5,1,0,41,3,0,1,0.336,0.360,0.517,0.877,0.018,116.1,0.49,김동엽,고졸
45,2008, 우리,21.0,SS,116,408,400,362,36,98,18,1,8,142,47,3,1,31,5,1,65,12,7,3,0.271,0.334,0.392,0.726,-0.007,100.1,2.11,강정호,고졸
46,2015, NC,22.0,LF,125,204,204,182,32,47,8,1,3,66,26,3,3,17,4,0,52,4,0,1,0.258,0.333,0.363,0.696,-0.037,76.8,1.21,김성욱,고졸
47,2020, 삼성,20.0,CF,91,196,192,182,24,47,11,0,1,61,14,4,5,7,3,0,32,4,4,0,0.258,0.297,0.335,0.632,-0.057,60.5,0.27,박승규,고졸
48,2018, 한화,24.0,C,99,224,222,207,22,57,7,0,7,85,29,1,0,12,2,0,55,6,2,1,0.275,0.320,0.411,0.731,-0.028,82.4,0.82,지시완,고졸
49,2022, 한화,26.0,SS,80,126,122,113,9,18,7,0,1,28,8,3,2,8,0,0,30,1,4,1,0.159,0.213,0.248,0.461,-0.104,16.3,-0.36,이도윤,고졸
50,2008, KIA,19.0,SS,112,322,312,278,39,71,2,2,0,77,24,5,9,30,2,0,40,8,10,2,0.255,0.330,0.277,0.607,-0.039,73.2,0.92,김선빈,고졸
51,2001, 한화,20.0,3B,71,159,152,138,22,27,7,1,3,45,16,2,4,11,2,0,25,3,7,1,0.196,0.263,0.326,0.589,-0.090,40.4,-0.78,이범호,고졸
52,1999, 해태,19.0,3B,108,416,404,366,49,107,19,1,7,149,39,5,6,26,8,0,51,8,12,4,0.292,0.349,0.407,0.756,-0.019,95.9,1.27,정성훈,고졸
53,2007, 두산,20.0,RF,119,372,367,328,53,80,14,3,3,109,31,30,9,28,5,0,56,5,5,6,0.244,0.308,0.332,0.640,-0.032,75.0,0.53,민병헌,고졸
54,2014, SK,22.0,3B,62,144,140,129,23,44,9,0,0,53,13,7,3,8,0,0,24,2,4,3,0.341,0.371,0.411,0.782,-0.013,93.4,0.88,박계현,고졸
55,2005, SK,24.0,CF,110,345,304,281,41,74,2,4,1,87,19,19,5,19,3,0,55,2,41,1,0.263,0.316,0.310,0.626,-0.045,73.3,0.69,조동화,고졸
56,2008, 두산,23.0,SS,112,292,289,261,48,65,8,5,1,86,21,12,3,25,2,0,33,7,3,1,0.249,0.318,0.330,0.648,-0.030,80.4,0.81,김재호,고졸
57,2016, LG,27.0,LF,61,147,142,124,14,35,4,2,1,46,14,1,0,15,2,0,20,3,5,1,0.282,0.366,0.371,0.737,-0.023,87.9,0.73,이형종,고졸
58,2021, 롯데,22.0,RF,95,300,295,262,37,66,15,0,5,96,26,4,3,26,7,0,57,3,5,0,0.252,0.336,0.366,0.702,-0.012,93.9,1.18,추재현,고졸
59,2020, 한화,19.0,RF,52,119,118,108,5,25,5,0,1,33,12,0,1,9,1,0,38,2,1,0,0.231,0.297,0.306,0.603,-0.067,51.9,-0.58,임종찬,고졸
60,2011, 두산,26.0,1B,80,188,186,167,18,48,8,0,4,68,19,0,2,17,2,0,30,6,2,0,0.287,0.360,0.407,0.767,0.014,116.7,0.91,윤석민,고졸
61,2018, KT,19.0,LF,138,585,585,527,108,153,32,2,29,276,84,3,5,52,3,0,124,4,0,3,0.290,0.356,0.524,0.880,0.026,120.1,2.11,강백호,고졸
62,2023, SSG,21.0,C,62,133,129,119,9,22,4,1,2,34,12,0,0,8,1,0,25,2,4,1,0.185,0.240,0.286,0.526,-0.073,44.1,0.04,조형우,고졸
63,2017, 롯데,26.0,CF,97,129,127,117,37,30,5,2,1,42,11,20,3,7,2,0,37,1,2,1,0.256,0.307,0.359,0.666,-0.058,59.6,0.59,나경민,고졸
64,2017, KIA,20.0,SS,72,174,171,156,27,48,15,0,3,72,27,3,2,10,2,0,20,2,3,3,0.308,0.351,0.462,0.813,-0.004,99.5,0.56,최원준,고졸
65,2021, 한화,20.0,SS,33,120,117,107,10,21,4,0,0,25,9,1,0,9,0,0,32,1,3,1,0.196,0.256,0.234,0.490,-0.095,28.0,-0.18,박정현,고졸
66,2018, NC,21.0,SS,63,160,159,142,24,33,5,0,1,41,9,4,1,8,8,0,28,1,1,1,0.232,0.308,0.289,0.597,-0.072,51.1,0.43,김찬형,고졸
67,2017, LG,21.0,CF,108,248,243,219,38,70,5,0,1,78,15,3,2,18,4,0,28,3,5,2,0.320,0.379,0.356,0.735,-0.007,97.4,1.03,안익훈,고졸
68,2006, SK,19.0,3B,92,304,301,280,25,62,11,0,12,109,40,3,2,14,7,1,90,6,2,1,0.221,0.275,0.389,0.664,-0.033,72.5,-0.35,최정,고졸
69,2018, 넥센,25.0,LF,104,336,335,298,47,88,9,2,3,110,40,8,4,27,6,0,89,3,1,4,0.295,0.361,0.369,0.730,-0.022,86.2,0.39,김규민,고졸
70,2021, 키움,22.0,CF,52,132,129,114,16,18,6,1,1,29,8,0,1,12,2,0,28,2,3,1,0.158,0.248,0.254,0.502,-0.080,40.1,0.35,예진원,고졸
71,2023, 롯데,20.0,RF,107,423,421,387,45,111,18,1,2,137,41,3,6,28,1,0,69,10,2,5,0.287,0.333,0.354,0.687,-0.014,92.1,0.88,윤동희,고졸
72,2021, 롯데,19.0,3B,60,128,128,113,16,23,2,0,2,31,10,1,0,14,0,0,33,1,0,1,0.204,0.289,0.274,0.563,-0.072,44.7,-0.22,나승엽,고졸
73,2013, 넥센,21.0,LF,69,291,287,256,41,78,19,0,4,109,28,2,2,25,4,0,43,1,4,2,0.305,0.373,0.426,0.799,0.008,109.6,1.49,문우람,고졸
74,2021, 한화,24.0,3B,53,220,220,176,29,53,12,0,3,74,34,5,3,34,5,0,44,4,0,5,0.301,0.418,0.420,0.838,0.058,150.4,2.75,김태연,고졸
75,2022, NC,27.0,C,59,133,130,127,8,23,4,0,1,30,10,0,0,0,2,0,37,4,3,1,0.181,0.192,0.236,0.428,-0.123,-0.3,-1.25,박대온,고졸
76,2008, 삼성,26.0,1B,68,270,268,248,32,66,12,1,10,110,42,1,1,19,2,2,55,6,0,1,0.266,0.322,0.444,0.766,-0.002,104.7,1.06,채태인,고졸
77,2022, KIA,23.0,LF,51,107,107,94,15,14,2,0,3,25,7,0,0,10,3,0,32,1,0,0,0.149,0.252,0.266,0.518,-0.076,38.2,-0.31,김석환,고졸
78,2018, 한화,18.0,2B,98,227,225,201,33,50,5,3,4,73,20,5,1,22,1,0,50,0,2,1,0.249,0.324,0.363,0.687,-0.036,76.3,0.50,정은원,고졸
79,2021, LG,21.0,3B,107,329,326,278,37,64,11,1,8,101,39,3,1,46,0,1,64,5,3,2,0.230,0.337,0.363,0.700,-0.004,100.6,1.78,문보경,고졸
80,2021, 한화,22.0,CF,43,130,126,114,12,20,1,1,1,26,9,4,2,8,2,0,43,1,4,2,0.175,0.238,0.228,0.466,-0.118,10.4,-1.05,이원석,고졸
81,2022, 삼성,22.0,2B,46,106,100,99,11,23,3,0,0,26,5,0,0,1,0,0,29,1,6,0,0.232,0.240,0.263,0.503,-0.081,37.2,-0.19,이해승,고졸
82,2020, KIA,24.0,1B,63,138,138,116,14,32,4,0,4,48,16,0,0,21,0,0,29,5,0,1,0.276,0.384,0.414,0.798,0.013,112.4,0.75,황대인,고졸
83,2012, SK,25.0,SS,88,191,180,163,28,39,8,3,2,59,14,6,2,12,5,0,26,2,11,0,0.239,0.311,0.362,0.673,-0.022,86.4,1.23,김성현,고졸
84,2009, 삼성,26.0,2B,80,202,196,178,19,44,5,0,0,49,13,0,3,13,2,0,31,7,6,3,0.247,0.301,0.275,0.576,-0.075,46.7,-0.28,손주인,고졸
85,2003, 두산,19.0,SS,96,118,114,99,21,15,1,2,0,20,3,1,0,12,3,0,29,5,4,0,0.152,0.263,0.202,0.465,-0.113,11.1,-0.89,나주환,고졸
86,2021, 두산,19.0,2B,96,224,224,200,28,51,8,2,2,69,14,1,0,16,4,0,53,4,0,4,0.255,0.317,0.345,0.662,-0.031,78.0,0.99,안재석,고졸
87,2019, NC,20.0,C,55,119,115,107,13,24,5,0,2,35,9,0,0,8,0,0,24,1,4,0,0.224,0.278,0.327,0.605,-0.058,56.2,0.10,김형준,고졸
88,2017, 한화,21.0,CF,67,145,137,131,23,29,0,0,0,29,2,4,2,5,1,0,15,2,8,0,0.221,0.255,0.221,0.476,-0.120,18.2,0.16,이시원,고졸
89,2005, 롯데,21.0,LF,91,130,128,117,18,24,4,1,0,30,7,6,4,7,2,0,23,2,2,2,0.205,0.258,0.256,0.514,-0.097,27.2,-0.72,박정준,고졸
90,2020, SK,22.0,SS,41,112,111,99,7,24,2,0,2,32,8,1,1,11,1,0,21,1,1,0,0.242,0.324,0.323,0.647,-0.052,63.3,0.34,박성한,고졸
91,2014, NC,21.0,2B,118,491,487,416,87,124,21,9,1,166,40,50,10,56,11,0,89,5,4,4,0.298,0.392,0.399,0.791,0.006,106.9,4.14,박민우,고졸
92,2007, SK,19.0,C,66,119,119,108,16,36,8,0,3,53,21,1,0,7,3,0,13,4,0,1,0.333,0.387,0.491,0.878,0.055,153.2,1.48,이재원,고졸
93,2016, KT,27.0,RF,74,240,236,213,31,65,14,1,3,90,29,5,2,19,4,0,46,4,4,0,0.305,0.373,0.423,0.796,0.003,105.6,1.34,전민수,고졸
94,2002, 롯데,21.0,SS,66,146,145,136,15,33,6,0,0,39,8,6,2,9,0,0,38,6,1,0,0.243,0.290,0.287,0.577,-0.060,58.4,-0.32,박기혁,고졸
95,2018, 롯데,20.0,C,106,203,194,177,15,22,3,0,2,31,11,0,0,12,5,0,85,2,9,0,0.124,0.201,0.175,0.376,-0.167,-12.0,-1.35,나균안,고졸
96,2022, 한화,25.0,RF,70,240,240,220,27,44,12,1,8,82,31,2,2,17,0,0,90,4,0,3,0.200,0.254,0.373,0.627,-0.044,65.1,-0.08,이진영,고졸
97,2006, SK,24.0,CF,96,166,160,145,20,40,9,1,1,54,14,8,5,14,1,1,30,3,5,1,0.276,0.342,0.372,0.714,0.010,112.5,0.62,김강민,고졸
98,2022, 키움,19.0,LF,52,175,175,161,13,34,5,0,6,57,17,0,1,9,5,0,67,1,0,0,0.211,0.274,0.354,0.628,-0.051,59.4,-0.72,박찬혁,고졸
99,2021, NC,26.0,RF,62,149,148,140,19,29,7,2,3,49,13,15,4,8,0,0,45,1,1,0,0.207,0.250,0.350,0.600,-0.068,48.6,-0.05,김기환,고졸
100,2017, 넥센,19.0,CF,144,622,619,552,111,179,29,8,2,230,47,12,4,60,6,2,67,9,2,2,0.324,0.395,0.417,0.812,0.024,120.2,3.11,이정후,고졸
101,2006, 현대,20.0,2B,100,167,160,149,22,37,5,3,0,48,8,4,1,6,4,0,30,3,7,1,0.248,0.294,0.322,0.616,-0.038,68.7,0.52,차화준,고졸
102,2022, 롯데,22.0,RF,92,262,260,234,31,74,15,1,5,106,30,1,4,25,0,0,47,6,2,1,0.316,0.381,0.453,0.834,0.028,127.2,2.05,고승민,고졸
103,2005, LG,22.0,CF,107,142,139,127,40,34,4,1,0,40,5,37,9,11,1,0,35,2,3,0,0.268,0.331,0.315,0.646,-0.028,84.0,0.43,이대형,고졸
104,2001, 롯데,20.0,LF,86,333,331,300,57,94,21,4,4,135,31,29,8,24,2,0,56,7,2,5,0.313,0.363,0.450,0.813,0.014,117.5,1.24,김주찬,고졸
106,2021, NC,19.0,SS,69,189,187,166,20,40,7,1,5,64,16,6,2,17,2,0,57,5,2,2,0.241,0.316,0.386,0.702,-0.031,78.5,1.01,김주원,고졸
107,2022, KIA,19.0,3B,103,254,250,224,37,53,11,4,3,81,19,13,3,22,3,0,62,3,4,1,0.237,0.312,0.362,0.674,-0.017,88.9,2.17,김도영,고졸
108,2020, 한화,20.0,LF,47,135,134,127,8,30,0,0,0,30,8,0,0,4,1,0,34,3,1,2,0.236,0.261,0.236,0.497,-0.106,22.8,-0.78,최인호,고졸
109,2015, KT,20.0,SS,106,146,144,142,16,24,7,0,1,34,14,5,2,2,0,0,35,4,2,0,0.169,0.181,0.239,0.420,-0.159,-12.9,-1.36,심우준,고졸
110,2015, 삼성,22.0,1B,116,465,465,410,97,143,33,5,11,219,57,17,7,45,6,0,79,3,0,4,0.349,0.417,0.534,0.951,0.065,152.8,4.56,구자욱,고졸
111,2015, 두산,25.0,RF,70,175,173,158,31,54,12,0,5,81,26,2,1,12,3,0,29,2,2,0,0.342,0.399,0.513,0.912,0.072,157.0,2.41,박건우,고졸
112,2013, LG,23.0,CF,61,104,100,83,21,18,4,2,0,26,15,10,4,16,0,0,19,1,4,1,0.217,0.340,0.313,0.653,-0.027,81.2,0.12,정주현,고졸
113,2010, 롯데,27.0,SS,80,201,194,173,18,41,8,0,3,58,16,2,1,15,4,1,40,3,6,3,0.237,0.308,0.335,0.643,-0.056,65.2,0.18,문규현,고졸
114,2023, 한화,19.0,CF,137,481,470,428,47,114,22,2,5,155,49,5,1,33,6,2,84,7,9,5,0.266,0.324,0.362,0.686,-0.011,94.5,1.87,문현빈,고졸
115,2012, 삼성,21.0,CF,118,325,313,274,44,65,11,3,4,94,19,22,4,30,6,0,48,5,12,3,0.237,0.323,0.343,0.666,-0.018,89.3,1.05,정형식,고졸
116,2005, 현대,21.0,2B,61,112,110,106,10,19,3,0,2,28,8,0,0,3,1,0,35,3,2,0,0.179,0.209,0.264,0.473,-0.121,7.4,-0.50,지석훈,고졸
117,2021, NC,21.0,2B,72,238,234,212,40,60,4,2,0,68,8,10,7,18,4,0,40,0,4,0,0.283,0.350,0.321,0.671,-0.029,80.1,1.27,최정원,고졸
118,2012, 한화,18.0,SS,70,141,136,127,10,22,1,0,1,26,4,7,2,9,0,0,50,2,5,0,0.173,0.228,0.205,0.433,-0.103,12.9,-0.43,하주석,고졸
119,2022, 삼성,20.0,CF,118,422,414,363,57,100,19,4,0,127,22,6,3,45,6,0,80,1,8,0,0.275,0.365,0.350,0.715,0.012,112.8,2.53,김현준,고졸
120,2016, SK,28.0,1B,76,231,230,199,31,53,5,0,19,115,42,0,0,28,3,1,66,5,0,1,0.266,0.364,0.578,0.942,0.025,121.7,1.17,최승준,고졸
121,2023, KT,25.0,RF,76,136,133,124,20,36,3,1,0,41,9,7,1,6,2,0,35,1,3,1,0.290,0.331,0.331,0.662,-0.022,85.8,0.32,안치영,고졸
122,2021, 롯데,26.0,SS,78,109,107,93,21,19,4,0,1,26,9,1,0,14,0,0,36,1,2,0,0.204,0.308,0.280,0.588,-0.066,51.0,-0.51,배성근,고졸
123,2004, 삼성,21.0,3B,123,394,378,342,44,76,18,0,7,115,29,3,0,25,7,0,94,11,16,4,0.222,0.286,0.336,0.622,-0.058,58.8,0.60,조동찬,고졸
124,2022, 한화,25.0,C,56,151,146,134,16,30,5,1,4,49,17,0,3,11,0,0,28,2,5,1,0.224,0.281,0.366,0.647,-0.040,70.2,-0.21,박상언,고졸
125,2018, 넥센,19.0,2B,136,473,470,430,79,116,15,6,5,158,45,31,6,33,5,1,119,6,3,2,0.270,0.328,0.367,0.695,-0.038,75.3,1.72,김혜성,고졸
126,2019, NC,26.0,LF,41,104,104,97,11,24,4,1,2,36,14,2,1,3,4,0,20,6,0,0,0.247,0.298,0.371,0.669,-0.006,98.9,0.14,강진성,고졸
127,2010, 두산,23.0,C,127,430,424,374,48,100,14,1,20,176,68,4,1,40,8,1,68,12,5,3,0.267,0.348,0.471,0.819,0.001,109.1,3.03,양의지,고졸
128,2019, 삼성,19.0,C,61,106,102,93,7,19,6,0,2,31,7,0,0,8,0,0,36,0,4,1,0.204,0.265,0.333,0.598,-0.050,63.1,-0.07,김도환,고졸
129,2010, 한화,24.0,1B,100,185,183,156,34,32,3,0,5,50,21,25,8,26,0,0,52,0,2,1,0.205,0.317,0.321,0.638,-0.046,72.2,0.33,전현태,고졸
130,2005, KIA,20.0,LF,124,479,465,414,57,110,17,2,5,146,37,31,10,39,9,0,64,6,14,3,0.266,0.340,0.353,0.693,-0.018,92.6,1.84,이용규,고졸
132,2017, 넥센,20.0,C,64,129,129,118,10,23,5,0,1,31,9,0,0,9,2,0,51,2,0,0,0.195,0.264,0.263,0.527,-0.090,35.5,-0.98,주효상,고졸
133,2015, KIA,26.0,C,65,177,177,154,22,36,6,0,10,72,30,3,1,19,1,0,47,5,0,3,0.234,0.316,0.468,0.784,-0.021,88.7,0.80,백용환,고졸
134,2005, LG,19.0,1B,79,185,185,163,22,31,11,0,3,51,21,1,0,12,6,0,48,3,0,4,0.190,0.265,0.313,0.578,-0.081,39.5,-0.05,박병호,고졸
135,2008, SK,26.0,C,81,190,187,171,21,40,8,0,6,66,23,0,1,12,2,0,49,5,3,2,0.234,0.289,0.386,0.675,-0.037,74.2,0.52,정상호,고졸
136,2017, SK,23.0,3B,37,116,114,106,14,34,8,0,1,45,16,0,1,3,3,0,29,1,2,2,0.321,0.351,0.425,0.776,-0.009,95.7,0.56,최항,고졸
137,2020, 삼성,25.0,2B,65,138,137,118,19,38,5,0,1,46,10,2,0,16,3,0,19,1,1,0,0.322,0.416,0.390,0.806,0.030,125.7,1.25,김호재,고졸
138,2017, LG,23.0,2B,85,268,265,248,42,62,14,2,5,95,31,2,2,7,3,0,67,5,3,7,0.250,0.272,0.383,0.655,-0.069,51.8,0.53,강승호,고졸
139,2022, 키움,27.0,RF,40,148,145,131,16,36,6,0,1,45,15,1,0,10,2,0,43,2,3,2,0.275,0.331,0.344,0.675,-0.009,95.4,0.57,임지열,고졸
140,2018, KIA,24.0,C,61,101,98,89,10,22,6,0,3,37,15,0,0,7,2,0,24,4,3,0,0.247,0.316,0.416,0.732,-0.034,78.6,0.79,한승택,고졸
141,1999, 쌍방울,19.0,RF,65,210,209,190,14,49,5,0,4,66,13,5,4,17,0,0,40,3,1,2,0.258,0.316,0.347,0.663,-0.052,71.4,0.09,이진영,고졸
142,2014, 한화,22.0,SS,41,103,101,86,11,19,2,3,1,30,7,0,0,13,2,0,28,1,2,0,0.221,0.337,0.349,0.686,-0.042,73.1,-0.29,강경학,고졸
143,2022, 삼성,19.0,SS,75,239,236,230,23,54,4,0,7,79,23,0,0,5,1,0,44,6,3,0,0.235,0.254,0.343,0.597,-0.057,54.4,0.06,이재현,고졸
144,2017, 넥센,21.0,SS,67,142,142,135,18,34,8,0,3,51,19,0,0,6,1,0,33,3,0,0,0.252,0.289,0.378,0.667,-0.046,68.5,-0.72,김웅빈,고졸
145,2017, KT,23.0,3B,124,399,393,350,45,105,20,3,6,149,42,4,2,18,22,0,69,14,6,3,0.300,0.369,0.426,0.795,0.003,104.3,1.57,정현,고졸
146,2009, 한화,20.0,3B,79,191,184,175,20,46,9,1,2,63,14,3,2,8,1,0,43,7,7,0,0.263,0.299,0.360,0.659,-0.050,64.8,-0.20,오선진,고졸
147,2017, SK,25.0,CF,90,212,210,197,37,46,5,1,11,86,35,4,0,9,4,0,55,1,2,0,0.234,0.281,0.437,0.718,-0.053,63.5,-0.02,정진기,고졸
148,2010, SK,25.0,RF,76,202,194,172,22,40,8,2,1,55,14,7,5,20,0,1,32,1,7,3,0.233,0.308,0.320,0.628,-0.055,66.7,0.17,임훈,고졸
150,2016, 두산,22.0,SS,90,134,132,118,34,34,5,0,3,48,9,3,2,10,3,0,28,0,2,1,0.288,0.356,0.407,0.763,-0.008,97.9,2.21,류지혁,고졸
151,2002, 롯데,20.0,LF,49,174,173,154,15,29,5,1,1,39,10,2,2,7,12,0,47,1,1,0,0.188,0.277,0.253,0.530,-0.106,20.9,-0.76,이우민,고졸
152,2013, 넥센,23.0,C,69,105,105,97,5,19,6,0,1,28,6,1,0,7,1,0,28,6,0,0,0.196,0.257,0.289,0.546,-0.082,34.2,-0.83,박동원,고졸
153,2021, 두산,27.0,C,92,211,205,177,18,41,10,0,2,57,27,0,0,19,8,0,50,2,6,1,0.232,0.332,0.322,0.654,-0.020,87.9,0.50,장승현,고졸
154,2012, 롯데,25.0,2B,78,137,129,125,12,25,4,1,2,37,12,1,0,3,0,0,42,2,8,1,0.200,0.217,0.296,0.513,-0.084,32.1,-0.32,정훈,고졸
155,2004, SK,23.0,SS,105,115,110,103,11,17,2,0,0,19,5,0,1,5,2,0,31,0,4,0,0.165,0.218,0.184,0.402,-0.146,-10.3,-1.00,이대수,고졸
156,2016, 넥센,21.0,CF,104,265,259,233,43,58,11,1,8,95,24,17,6,25,1,0,82,2,6,0,0.249,0.324,0.408,0.732,-0.027,84.8,1.95,임병욱,고졸
157,2023, 삼성,24.0,LF,101,272,268,245,40,77,4,6,2,99,28,20,4,14,4,0,35,2,4,5,0.314,0.354,0.404,0.758,-0.001,103.3,2.23,김성윤,고졸
158,2022, 두산,22.0,CF,51,110,108,96,13,23,6,1,4,43,11,2,1,5,6,0,27,0,2,1,0.240,0.315,0.448,0.763,0.012,112.8,0.60,김대한,고졸
159,2020, 삼성,19.0,2B,135,287,282,254,47,59,5,1,1,69,13,21,4,24,2,0,44,1,5,2,0.232,0.301,0.272,0.573,-0.074,47.3,1.04,김지찬,고졸
160,2005, LG,21.0,C,102,230,227,187,34,44,7,3,9,84,30,3,1,21,21,3,78,0,0,1,0.235,0.374,0.449,0.823,-0.010,99.2,1.79,이성열,고졸
161,2018, 두산,24.0,RF,46,109,108,95,16,25,7,0,1,35,10,0,0,12,0,0,26,0,1,1,0.263,0.343,0.368,0.711,-0.028,82.3,0.27,김인태,고졸
162,2020, KIA,23.0,2B,103,182,171,157,21,28,2,1,3,41,11,2,1,13,1,0,40,1,11,0,0.178,0.246,0.261,0.507,-0.089,39.0,-0.21,김규성,고졸
163,2009, 롯데,27.0,1B,47,136,134,123,9,32,8,1,2,48,19,0,1,3,6,0,23,7,2,2,0.260,0.306,0.390,0.696,-0.056,60.1,-0.76,박종윤,고졸
164,2014, LG,24.0,RF,62,197,195,159,18,44,11,1,1,60,15,5,3,21,10,0,36,3,2,5,0.277,0.385,0.377,0.762,-0.008,97.1,0.09,채은성,고졸
165,2009, 두산,19.0,CF,85,259,259,231,47,61,8,6,3,90,17,13,7,24,3,0,45,1,0,1,0.264,0.340,0.390,0.730,-0.022,85.2,0.85,정수빈,고졸
166,2020, 롯데,21.0,C,85,152,146,133,9,20,2,0,0,22,5,0,0,11,1,0,32,7,6,1,0.150,0.219,0.165,0.384,-0.149,-6.0,-1.47,정보근,고졸
167,2015, KT,27.0,RF,72,248,244,228,31,58,7,1,7,88,27,15,5,16,1,1,75,3,3,0,0.254,0.306,0.386,0.692,-0.047,69.7,-1.33,김지열,고졸
168,2012, 넥센,23.0,2B,127,501,488,433,70,115,21,10,1,159,40,39,12,45,7,0,43,4,13,3,0.266,0.342,0.367,0.709,0.003,107.8,4.78,서건창,고졸
169,2015, 넥센,20.0,SS,140,582,576,511,89,148,35,5,19,250,73,22,4,56,5,2,115,10,4,6,0.290,0.362,0.489,0.851,0.009,110.7,5.41,김하성,고졸
170,2021, LG,19.0,SS,72,169,167,148,21,36,9,0,2,51,16,6,3,15,3,0,51,1,2,1,0.243,0.323,0.345,0.668,-0.031,78.8,0.26,이영빈,고졸
171,2015, 롯데,24.0,SS,122,353,349,327,57,90,18,1,8,134,43,15,4,17,4,0,100,9,4,1,0.275,0.318,0.410,0.728,-0.044,71.6,-0.45,오태곤,고졸
172,2009, KIA,19.0,2B,123,415,407,371,53,87,13,4,14,150,38,8,5,32,2,1,103,10,7,3,0.235,0.297,0.404,0.701,-0.049,65.0,0.46,안치홍,고졸
173,2023, 삼성,20.0,3B,55,103,100,91,11,17,6,0,2,29,12,1,0,8,0,0,28,2,3,1,0.187,0.250,0.319,0.569,-0.068,47.8,0.21,김영웅,고졸
174,2018, 넥센,25.0,C,116,234,225,202,22,46,7,0,3,62,18,0,0,12,8,0,58,2,9,3,0.228,0.293,0.307,0.600,-0.089,40.7,0.04,김재현,고졸
175,2016, SK,24.0,SS,36,103,99,87,19,24,4,1,3,39,13,2,1,9,2,0,28,0,4,1,0.276,0.354,0.448,0.802,-0.018,91.3,0.75,박승욱,고졸
176,2018, 넥센,22.0,3B,78,238,236,211,35,66,19,0,7,106,45,2,4,24,0,0,49,2,2,1,0.313,0.381,0.502,0.883,0.039,129.2,2.73,송성문,고졸
177,2021, 롯데,23.0,3B,82,224,221,199,19,48,11,1,3,70,25,0,0,18,3,0,62,4,3,1,0.241,0.312,0.352,0.664,-0.037,74.0,0.32,김민수,고졸
178,2023, NC,22.0,SS,79,105,103,97,8,21,0,1,0,23,4,0,3,4,2,0,23,6,2,0,0.216,0.262,0.237,0.499,-0.085,33.5,-0.51,김한별,고졸
179,2015, 한화,25.0,3B,64,117,115,102,17,23,3,0,4,38,17,0,0,13,0,0,44,0,2,0,0.225,0.313,0.373,0.686,-0.049,67.7,0.88,신성현,고졸
180,2005, KIA,20.0,1B,39,114,111,99,6,17,3,0,0,20,6,0,0,9,4,1,25,3,2,0,0.172,0.268,0.202,0.470,-0.109,18.1,-0.39,김주형,고졸
181,2005, SK,23.0,1B,108,196,191,171,20,41,7,1,6,68,30,2,2,11,9,1,36,0,4,1,0.240,0.318,0.398,0.716,-0.037,77.2,0.73,조중근,고졸
182,2016, SK,29.0,OF,100,193,185,168,27,54,5,5,1,72,18,13,7,11,5,0,41,1,8,1,0.321,0.378,0.429,0.807,-0.003,101.4,1.63,김재현,고졸
183,2019, 삼성,29.0,SS,118,436,431,385,43,101,14,3,7,142,36,15,5,32,10,0,89,3,5,4,0.262,0.332,0.369,0.701,-0.020,86.6,2.59,이학주,고졸
184,2018, KIA,27.0,CF,85,150,145,123,32,28,5,1,5,50,24,0,2,13,9,0,37,1,5,0,0.228,0.345,0.407,0.752,-0.018,89.5,0.60,박준태,대졸
185,2008, KIA,27.0,C,106,314,297,264,35,65,11,1,2,84,31,5,4,24,7,0,46,10,17,2,0.246,0.323,0.318,0.641,-0.037,75.7,0.57,차일목,대졸
186,2014, KIA,23.0,SS,93,224,218,208,32,55,5,4,0,68,14,4,2,8,1,0,44,1,6,1,0.264,0.294,0.327,0.621,-0.073,52.1,-0.03,강한울,대졸
187,2017, 삼성,25.0,C,61,112,108,99,11,21,3,0,6,42,11,0,0,8,1,0,31,4,4,0,0.212,0.278,0.424,0.702,-0.060,59.5,-0.94,권정웅,대졸
188,2004, KIA,20.0,1B,58,114,110,94,12,20,4,0,3,33,11,1,2,15,1,0,35,2,4,0,0.213,0.327,0.351,0.678,-0.025,85.5,0.03,서동욱,대졸
189,2016, 삼성,25.0,SS,122,215,204,188,25,41,7,0,0,48,14,1,1,8,7,0,42,10,11,1,0.218,0.275,0.255,0.530,-0.106,31.4,-0.95,김재현,대졸
190,2013, 롯데,24.0,SS,99,281,268,240,27,55,11,0,1,69,25,6,3,24,5,1,55,2,12,0,0.229,0.312,0.288,0.600,-0.055,59.2,1.36,신본기,대졸
191,2010, 넥센,20.0,1B,64,163,159,138,16,32,6,0,5,53,19,0,0,12,9,1,45,3,3,1,0.232,0.331,0.384,0.715,-0.046,72.7,-0.11,장영석,대졸
192,2002, KIA,22.0,3B,52,122,122,113,11,29,7,1,3,47,12,3,0,8,1,0,25,4,0,0,0.257,0.311,0.416,0.727,-0.014,96.3,0.28,이현곤,대졸
193,2016, KT,29.0,C,88,254,246,231,16,47,10,0,6,75,22,1,1,9,3,0,65,7,8,3,0.203,0.240,0.325,0.565,-0.114,24.7,-2.25,이해창,대졸
194,2014, 삼성,25.0,C,88,155,151,132,21,30,4,1,1,39,17,1,0,14,5,0,24,0,4,0,0.227,0.325,0.295,0.620,-0.066,56.8,-1.14,이흥련,대졸
195,2016, 삼성,28.0,2B,132,517,507,445,60,128,19,3,3,162,49,8,3,51,4,0,69,15,10,7,0.288,0.361,0.364,0.725,-0.027,84.8,2.04,백상원,대졸
196,2004, 한화,21.0,RF,49,116,113,107,15,24,5,4,1,40,10,4,4,6,0,0,27,1,3,0,0.224,0.265,0.374,0.639,-0.050,64.7,-0.14,신종길,대졸
197,2015, 삼성,26.0,LF,116,106,101,89,32,19,2,1,0,23,9,13,6,8,4,0,25,1,5,0,0.213,0.307,0.258,0.565,-0.063,59.1,0.11,박찬도,대졸
198,2013, SK,25.0,1B,54,111,109,98,17,20,0,0,4,32,11,6,1,10,0,0,23,0,2,1,0.204,0.275,0.327,0.602,-0.070,45.0,0.13,조성우,대졸
199,2016, 넥센,27.0,LF,98,263,258,223,45,69,5,3,4,92,26,16,9,30,3,0,52,5,5,2,0.309,0.395,0.413,0.808,-0.007,98.3,1.64,박정음,대졸
200,2014, 넥센,27.0,LF,47,113,110,94,12,23,2,0,4,37,14,2,0,9,4,0,19,0,3,3,0.245,0.327,0.394,0.721,-0.053,66.3,0.49,박헌도,대졸
201,2009, SK,25.0,SS,68,159,154,141,25,45,9,0,1,57,17,4,2,10,0,0,30,1,5,3,0.319,0.357,0.404,0.761,0.002,103.0,0.93,김연훈,대졸
202,2018, NC,29.0,LF,77,150,150,138,12,42,10,0,5,67,19,0,2,10,0,0,33,3,0,2,0.304,0.347,0.486,0.833,-0.007,96.8,0.12,이원재,대졸
203,2016, 롯데,22.0,C,68,144,143,120,12,33,3,1,2,44,16,0,0,22,0,1,42,0,1,1,0.275,0.385,0.367,0.752,-0.025,85.6,0.35,김준태,대졸
204,2015, KIA,23.0,CF,103,283,277,257,31,56,10,2,1,73,21,11,2,15,5,0,83,2,6,0,0.218,0.274,0.284,0.558,-0.096,34.2,1.38,김호령,대졸
205,2006, 현대,25.0,RF,110,295,281,246,24,60,16,0,3,85,31,5,3,25,8,0,48,5,14,2,0.244,0.331,0.346,0.677,-0.009,94.8,0.89,유한준,대졸
206,2008, 한화,25.0,SS,75,154,153,140,19,38,7,0,7,66,23,0,0,10,3,0,44,5,1,0,0.271,0.333,0.471,0.804,0.010,115.1,0.81,송광민,대졸
207,2017, 삼성,24.0,SS,47,166,165,151,27,48,4,2,0,56,18,4,2,12,1,0,16,2,1,1,0.318,0.370,0.371,0.741,-0.008,96.1,1.27,김성훈,대졸
208,2012, LG,27.0,CF,83,219,213,194,22,48,4,0,2,58,21,5,4,17,0,1,50,1,5,3,0.247,0.304,0.299,0.603,-0.039,70.4,-0.10,김용의,대졸
209,2008, KIA,23.0,LF,73,239,237,200,25,59,12,1,6,91,30,1,2,28,6,1,44,2,1,4,0.295,0.391,0.455,0.846,0.037,138.1,2.22,나지완,대졸
210,2012, 두산,23.0,C,69,104,100,91,9,19,4,0,1,26,8,0,0,4,4,0,17,1,4,1,0.209,0.270,0.286,0.556,-0.074,39.5,0.13,최재훈,대졸
211,2012, LG,30.0,C,75,196,194,171,17,51,7,0,2,64,19,3,2,16,6,1,35,9,1,2,0.298,0.374,0.374,0.748,0.013,117.7,1.03,윤요섭,대졸
212,2013, KIA,27.0,RF,42,135,135,123,6,35,9,0,1,47,12,1,0,12,0,0,30,1,0,0,0.285,0.348,0.382,0.730,-0.010,94.3,-1.04,이종환,대졸
213,2013, NC,24.0,RF,104,458,456,404,55,98,18,5,14,168,64,12,2,33,15,3,95,7,0,6,0.243,0.319,0.416,0.735,-0.005,98.6,2.98,나성범,대졸
214,2022, 롯데,25.0,CF,102,353,346,320,62,94,12,4,1,117,16,10,12,22,2,0,55,2,7,2,0.294,0.341,0.366,0.707,-0.011,93.3,-0.08,황성빈,대졸
215,2023, NC,29.0,CF,78,179,177,163,12,39,7,1,2,54,17,2,3,8,4,0,44,5,2,2,0.239,0.288,0.331,0.619,-0.042,69.1,0.31,천재환,대졸
216,2009, 롯데,19.0,C,44,112,110,98,14,26,6,0,1,35,12,3,0,8,1,0,26,8,2,3,0.265,0.318,0.357,0.675,-0.042,70.5,-0.23,장성우,대졸
217,2015, LG,24.0,2B,102,189,185,171,22,35,8,1,0,45,12,5,3,10,3,0,49,1,4,1,0.205,0.259,0.263,0.522,-0.101,29.9,-0.71,박지규,대졸
218,2021, KIA,27.0,C,41,151,151,129,14,32,6,0,2,44,14,0,0,19,3,0,33,3,0,0,0.248,0.358,0.341,0.699,-0.011,94.6,0.05,이정훈,대졸
219,2008, 삼성,23.0,3B,126,499,490,416,65,116,27,1,14,187,64,2,3,61,12,1,84,15,8,2,0.279,0.385,0.450,0.835,0.033,134.4,4.10,박석민,대졸
220,2006, 두산,26.0,CF,120,448,434,388,76,110,14,6,1,139,32,51,7,40,7,2,60,1,11,1,0.284,0.360,0.358,0.718,0.012,114.5,3.68,이종욱,대졸
221,2021, 키움,24.0,CF,72,171,171,159,19,38,5,4,0,51,20,0,0,9,0,0,40,2,0,3,0.239,0.275,0.321,0.596,-0.065,50.4,0.77,변상권,대졸
222,2020, SK,28.0,C,58,109,107,101,7,18,2,0,2,26,7,1,0,4,2,0,30,4,2,0,0.178,0.224,0.257,0.481,-0.132,4.3,-1.11,이현석,대졸
223,2020, KT,29.0,1B,74,172,169,154,24,40,3,2,8,71,25,0,1,11,2,0,43,4,3,2,0.260,0.314,0.461,0.775,-0.028,81.6,0.17,문상철,대졸
224,2015, 한화,23.0,3B,103,246,240,214,18,45,7,0,0,52,12,2,0,21,3,0,46,5,6,2,0.210,0.288,0.243,0.531,-0.097,33.5,0.06,주현상,대졸
225,2022, NC,26.0,2B,89,214,211,195,26,40,8,0,2,54,14,3,1,12,4,0,41,6,3,0,0.205,0.265,0.277,0.542,-0.054,57.4,-0.16,서호철,대졸
226,2008, 한화,24.0,3B,94,192,188,173,19,36,8,0,2,50,15,7,2,13,2,0,47,2,4,0,0.208,0.271,0.289,0.560,-0.068,48.6,0.46,이여상,대졸
227,2003, LG,19.0,2B,84,197,194,172,14,47,10,2,1,64,19,2,2,17,4,0,38,1,3,1,0.273,0.351,0.372,0.723,-0.006,96.9,0.80,박경수,대졸
228,2014, 한화,29.0,3B,59,162,159,140,21,33,8,1,6,61,18,0,0,14,4,0,45,4,3,1,0.236,0.321,0.436,0.757,-0.034,79.0,-0.17,김회성,대졸
229,2008, LG,24.0,SS,93,180,175,157,20,31,5,1,1,41,5,9,4,14,4,0,31,5,5,0,0.197,0.280,0.261,0.541,-0.077,41.1,-0.06,박용근,대졸
230,2014, 삼성,26.0,RF,76,143,142,123,17,32,5,3,3,52,20,2,2,13,6,0,20,1,1,0,0.260,0.359,0.423,0.782,-0.010,95.2,1.45,김헌곤,대졸
231,2015, LG,24.0,3B,125,384,378,358,36,93,22,1,8,141,48,6,6,18,0,2,75,6,5,3,0.260,0.293,0.394,0.687,-0.032,80.3,-0.67,양석환,대졸
232,2009, 롯데,21.0,2B,114,389,381,327,51,81,17,0,4,110,37,5,5,48,4,0,72,8,8,2,0.248,0.349,0.336,0.685,-0.026,82.4,1.00,김민성,대졸
233,2020, KT,28.0,2B,81,120,114,107,16,24,3,0,0,27,9,0,1,7,0,0,20,0,6,0,0.224,0.272,0.252,0.524,-0.082,43.5,-0.40,강민국,대졸
234,2005, SK,23.0,2B,52,106,98,88,11,17,2,0,0,19,5,4,2,4,4,0,13,3,8,2,0.193,0.255,0.216,0.471,-0.122,11.9,-0.72,정근우,대졸
235,2001, 한화,19.0,3B,88,289,287,245,51,82,13,2,20,159,54,2,0,40,4,2,72,4,0,0,0.335,0.436,0.649,1.085,0.098,181.2,3.91,김태균,대졸
236,2016, KIA,26.0,RF,77,238,228,207,43,64,4,2,4,84,30,12,2,20,1,0,46,0,10,0,0.309,0.373,0.406,0.779,-0.020,89.6,1.59,노수광,대졸
237,2010, 롯데,24.0,CF,114,394,389,350,56,101,14,2,19,176,57,16,7,26,8,0,89,7,5,5,0.289,0.347,0.503,0.850,0.009,115.4,1.61,전준우,대졸
238,2006, 삼성,24.0,1B,88,204,199,180,15,51,11,1,2,70,26,9,2,16,1,0,49,2,5,2,0.283,0.342,0.389,0.731,0.016,118.5,1.25,조영훈,대졸
239,2009, 삼성,24.0,CF,88,220,217,193,27,48,6,2,4,70,29,16,4,19,3,1,52,4,2,3,0.249,0.321,0.363,0.684,-0.044,68.6,0.44,이영욱,대졸
240,2013, SK,24.0,1B,99,327,324,285,36,75,15,2,14,136,52,2,3,20,16,0,82,6,3,3,0.263,0.343,0.477,0.820,0.004,106.6,0.51,한유섬,대졸
241,2011, 한화,30.0,LF,93,164,162,147,9,41,13,0,0,54,17,3,0,9,6,0,31,5,2,0,0.279,0.346,0.367,0.713,-0.010,96.1,0.52,이양기,대졸
242,2009, LG,20.0,C,54,118,111,108,7,27,2,1,0,31,5,0,0,2,1,0,18,4,7,0,0.250,0.270,0.287,0.557,-0.097,32.1,-0.30,김태군,대졸
243,2012, KIA,23.0,SS,68,101,98,90,17,24,2,0,0,26,6,5,3,6,2,0,22,2,3,0,0.267,0.327,0.289,0.616,-0.031,77.4,0.31,윤해진,대졸
244,2015, 한화,27.0,LF,121,156,148,140,18,28,6,0,1,37,9,6,1,7,1,0,36,1,8,0,0.200,0.243,0.264,0.507,-0.113,23.5,-0.99,송주호,대졸
245,2019, 롯데,27.0,1B,76,228,224,198,21,44,2,0,1,49,21,0,0,20,2,1,43,4,4,4,0.222,0.295,0.247,0.542,-0.063,51.2,-0.93,오윤석,대졸
246,2020, 삼성,28.0,1B,62,154,152,139,16,39,7,0,5,61,18,2,0,11,0,0,38,3,2,2,0.281,0.329,0.439,0.768,-0.003,100.8,0.65,이성곤,대졸
247,2017, LG,28.0,1B,75,198,194,181,21,55,9,0,6,82,28,0,1,10,2,0,35,8,4,1,0.304,0.345,0.453,0.798,0.003,104.6,0.27,김재율,대졸
248,2015, 넥센,29.0,SS,104,151,144,132,23,31,7,0,0,38,13,2,1,9,2,0,27,2,7,1,0.235,0.292,0.288,0.580,-0.072,52.4,-0.66,김지수,대졸
249,2012, KIA,25.0,LF,113,295,287,255,25,58,12,4,0,78,21,4,4,29,0,0,48,5,8,3,0.227,0.303,0.306,0.609,-0.030,78.1,0.24,이준호,대졸
250,2022, NC,29.0,3B,91,163,156,139,18,30,7,0,2,43,13,0,0,13,1,0,23,5,7,3,0.216,0.282,0.309,0.591,-0.060,53.8,0.31,도태훈,대졸
251,2016, KT,30.0,C,78,217,207,180,17,44,3,0,0,47,20,0,0,21,3,0,32,3,10,3,0.244,0.329,0.261,0.590,-0.082,47.6,-0.51,김종민,대졸
252,2005, 롯데,20.0,C,104,230,221,214,20,52,11,2,2,73,18,1,4,5,2,0,56,7,9,0,0.243,0.267,0.341,0.608,-0.063,56.5,-0.14,강민호,대졸
253,2008, SK,23.0,3B,91,147,143,130,30,29,5,0,1,37,20,10,7,12,0,0,38,1,4,1,0.223,0.287,0.285,0.572,-0.060,55.4,-0.58,모창민,대졸
254,2016, 두산,26.0,C,87,210,199,172,26,36,5,1,5,58,23,2,2,22,2,0,45,1,11,3,0.209,0.302,0.337,0.639,-0.051,68.9,1.30,박세혁,대졸
255,2014, 삼성,24.0,CF,119,373,354,310,65,92,11,4,1,114,31,36,8,37,6,0,45,4,19,1,0.297,0.381,0.368,0.749,-0.017,90.7,2.57,박해민,대졸
256,2012, 삼성,26.0,C,54,145,143,135,10,41,3,0,0,44,13,0,0,4,4,0,16,4,2,0,0.304,0.343,0.326,0.669,-0.016,91.1,0.83,이지영,대졸
257,2016, SK,27.0,2B,88,177,171,155,29,51,4,1,0,57,11,8,4,8,7,0,48,1,6,1,0.329,0.386,0.368,0.754,0.020,117.2,1.16,최정민,대졸
258,2011, SK,24.0,SS,82,209,195,156,21,38,4,1,1,47,9,4,4,32,7,0,38,2,14,0,0.244,0.395,0.301,0.696,0.000,104.2,1.71,최윤석,대졸
259,2010, 삼성,29.0,C,50,104,99,93,12,24,3,0,1,30,7,2,0,6,0,0,22,4,5,0,0.258,0.303,0.323,0.626,-0.052,69.1,0.11,이정식,대졸
260,2016, 롯데,27.0,DH,114,415,412,366,39,106,20,0,7,147,56,3,1,38,4,2,84,10,2,5,0.290,0.358,0.402,0.760,-0.022,88.2,0.10,김상호,대졸
261,2021, 롯데,25.0,OF,71,136,134,119,23,31,5,2,1,43,6,3,1,11,3,0,20,2,2,1,0.261,0.336,0.361,0.697,-0.033,76.9,-0.64,신윤후,대졸
262,2019, 삼성,23.0,SS,58,204,198,168,26,43,8,1,4,65,25,5,1,22,5,0,45,7,6,3,0.256,0.354,0.387,0.741,-0.007,98.0,0.55,박계범,대졸
263,2019, KIA,28.0,CF,133,470,466,400,57,108,25,1,6,153,48,8,8,57,4,0,92,8,4,5,0.270,0.363,0.383,0.746,0.004,106.9,2.16,이창진,대졸
264,2010, 삼성,24.0,LF,100,263,254,221,39,60,10,1,7,93,36,1,4,25,4,0,40,4,9,4,0.271,0.350,0.421,0.771,-0.006,103.7,0.87,오정복,대졸
265,2007, 한화,23.0,DH,61,105,105,94,11,23,5,0,4,40,12,0,0,9,2,0,22,3,0,0,0.245,0.324,0.426,0.750,0.000,103.6,0.18,김태완,대졸
266,2011, 넥센,22.0,CF,54,111,111,105,12,26,5,4,1,42,9,7,6,5,0,0,26,0,0,1,0.248,0.279,0.400,0.679,-0.032,77.3,0.34,고종욱,대졸
267,2021, 두산,30.0,C,79,119,118,104,7,29,3,0,0,32,15,0,0,11,2,0,21,0,1,1,0.279,0.356,0.308,0.664,-0.031,78.5,0.39,최용제,대졸
268,2020, SK,23.0,RF,127,520,512,466,66,120,19,5,1,152,27,18,6,38,5,0,80,4,8,3,0.258,0.318,0.326,0.644,-0.041,71.8,1.71,최지훈,대졸
269,2013, NC,24.0,2B,103,139,135,125,26,31,7,1,0,40,13,25,4,10,0,0,21,4,4,0,0.248,0.304,0.320,0.624,-0.049,63.3,-0.54,이상호,대졸
270,2011, 넥센,30.0,C,55,102,98,89,5,17,2,0,1,22,11,0,1,7,2,0,25,2,4,0,0.191,0.265,0.247,0.512,-0.090,30.9,-0.23,허준,대졸
271,2005, LG,24.0,3B,56,162,157,136,20,37,2,0,4,51,16,0,1,19,2,0,36,2,5,0,0.272,0.369,0.375,0.744,0.006,112.2,0.88,박기남,대졸
272,2007, 현대,20.0,3B,63,171,167,160,19,48,6,0,2,60,12,2,2,5,1,0,33,1,4,1,0.300,0.323,0.375,0.698,-0.009,95.6,1.14,황재균,대졸
273,2010, 한화,26.0,RF,114,227,221,202,20,53,10,0,4,75,24,3,3,15,3,0,28,4,6,1,0.262,0.321,0.371,0.692,-0.034,82.4,0.56,정현석,대졸
274,2004, 한화,19.0,DH,79,239,238,209,28,43,10,0,9,80,28,2,0,25,2,0,79,5,1,2,0.206,0.294,0.383,0.677,-0.037,74.7,-0.24,최진행,대졸
275,2018, 삼성,30.0,3B,61,140,138,126,13,37,7,0,4,56,18,2,4,10,0,0,30,6,2,2,0.294,0.341,0.444,0.785,-0.025,84.2,0.24,최영진,대졸
276,2011, 넥센,27.0,C,79,191,182,166,13,37,6,1,0,45,15,2,2,11,2,0,43,6,9,3,0.223,0.275,0.271,0.546,-0.074,44.2,-0.37,허도환,대졸
277,2022, 한화,28.0,1B,113,429,428,398,48,104,14,0,16,166,54,2,0,24,3,2,111,4,0,4,0.261,0.305,0.417,0.722,0.003,106.0,2.42,김인환,대졸
278,2003, 현대,23.0,C,101,243,237,212,26,59,11,0,4,82,17,2,3,11,13,0,35,3,6,1,0.278,0.350,0.387,0.737,-0.017,87.9,1.17,이택근,대졸
279,2015, KIA,25.0,C,112,246,240,222,25,48,10,1,12,96,39,1,0,12,7,1,64,3,5,0,0.216,0.278,0.432,0.710,-0.060,60.3,0.73,이홍구,대졸
280,2022, 키움,26.0,2B,55,130,128,110,16,22,7,1,1,34,5,1,0,4,13,0,29,4,2,1,0.200,0.305,0.309,0.614,-0.033,75.4,-0.12,김주형,대졸
281,2020, 롯데,28.0,CF,68,133,131,116,20,30,1,0,1,34,9,10,2,12,3,0,35,2,2,0,0.259,0.344,0.293,0.637,-0.018,89.5,0.79,김재유,대졸
282,2020, KT,25.0,CF,144,615,610,533,88,154,25,3,13,224,65,22,13,68,5,0,142,9,5,4,0.289,0.372,0.420,0.792,0.016,114.8,4.87,배정대,대졸
283,2017, LG,29.0,LF,52,122,119,101,15,33,9,0,4,54,18,1,0,12,4,0,18,4,3,2,0.327,0.412,0.535,0.947,0.051,138.9,0.67,백진우,대졸
284,2020, LG,28.0,1B,69,112,112,103,12,25,5,0,2,36,11,0,0,7,2,0,14,2,0,0,0.243,0.304,0.350,0.654,-0.013,92.7,0.60,김호은,대졸
285,2020, LG,27.0,RF,135,507,503,408,87,114,29,6,5,170,39,11,5,83,10,1,87,8,3,3,0.279,0.411,0.417,0.828,0.037,130.6,5.10,홍창기,대졸
286,2008, 두산,23.0,2B,117,311,308,282,45,70,10,3,0,86,28,28,7,17,7,0,62,3,3,2,0.248,0.305,0.305,0.610,-0.051,62.9,-0.27,오재원,대졸
287,2015, NC,25.0,2B,114,102,101,85,31,21,8,0,2,35,13,14,5,10,6,0,29,1,1,0,0.247,0.366,0.412,0.778,0.007,109.6,0.95,최재원,대졸
288,2017, SK,28.0,LF,69,225,219,191,34,52,7,1,0,61,10,11,2,25,3,0,39,4,6,0,0.272,0.365,0.319,0.684,-0.034,77.5,0.11,조용호,대졸
289,2016, KT,27.0,1B,95,254,251,213,30,60,12,1,4,86,37,1,1,25,9,0,39,8,3,4,0.282,0.375,0.404,0.779,-0.012,95.2,-0.81,유민상,대졸
290,2013, NC,24.0,SS,117,361,354,327,32,73,19,2,3,105,27,1,3,26,1,1,83,5,5,1,0.223,0.282,0.321,0.603,-0.056,57.1,-0.45,노진혁,대졸
291,2015, LG,26.0,DH,58,171,171,159,29,54,8,0,6,80,22,5,1,9,3,0,31,2,0,0,0.340,0.386,0.503,0.889,0.038,132.3,1.29,서상우,대졸
292,2017, 롯데,29.0,3B,81,205,192,178,26,42,19,0,3,70,14,4,3,14,0,0,25,2,13,0,0.236,0.292,0.393,0.685,-0.048,68.9,-0.12,김동한,대졸
293,2016, SK,27.0,C,88,170,167,144,17,37,9,0,2,52,14,1,1,21,2,0,38,2,3,0,0.257,0.359,0.361,0.720,-0.026,85.6,1.73,김민식,대졸
294,2010, LG,27.0,LF,103,362,356,307,57,92,17,1,12,147,53,5,3,44,3,1,58,4,5,3,0.300,0.389,0.479,0.868,0.038,137.1,2.94,이병규,대졸
295,2012, 한화,23.0,LF,45,103,103,87,12,17,3,0,0,20,3,6,1,15,1,0,27,1,0,0,0.195,0.320,0.230,0.550,-0.041,67.6,0.21,양성우,대졸
296,2015, 두산,27.0,CF,77,172,169,154,37,36,5,3,4,59,18,6,3,14,1,0,24,0,3,0,0.234,0.302,0.383,0.685,-0.031,81.5,-0.02,정진호,대졸
297,2014, KIA,29.0,RF,86,210,207,189,21,51,13,1,5,81,17,2,2,12,5,0,53,3,3,1,0.270,0.329,0.429,0.758,-0.031,81.0,-0.70,김다원,대졸
298,2010, LG,29.0,2B,72,162,159,142,21,36,11,0,4,59,19,0,2,13,2,0,34,1,3,2,0.254,0.321,0.415,0.736,-0.021,91.9,0.68,김태완,대졸
299,2020, 키움,28.0,3B,119,402,400,359,46,85,13,3,8,128,48,7,0,37,2,0,100,7,2,2,0.237,0.310,0.357,0.667,-0.046,68.1,1.01,전병우,대졸
300,2019, 한화,26.0,CF,113,349,347,315,42,80,16,5,1,109,24,13,5,26,5,0,74,4,2,1,0.254,0.320,0.346,0.666,-0.020,86.8,0.20,장진혁,대졸
301,2009, 삼성,19.0,SS,97,267,266,242,43,59,19,0,0,78,17,18,6,21,2,0,51,7,1,1,0.244,0.308,0.322,0.630,-0.050,63.6,0.57,김상수,대졸
302,2017, 넥센,27.0,RF,83,266,265,228,35,54,9,0,9,90,39,1,2,24,12,1,73,2,1,1,0.237,0.340,0.395,0.735,-0.019,88.5,0.32,허정협,대졸
303,2019, 롯데,27.0,2B,104,306,305,288,38,69,15,6,4,108,25,7,1,13,3,0,107,3,1,1,0.240,0.279,0.375,0.654,-0.045,65.8,-0.56,강로한,대졸
304,2013, 한화,28.0,SS,97,181,175,165,20,33,4,0,1,40,13,16,3,9,2,1,29,7,5,0,0.200,0.250,0.242,0.492,-0.099,22.8,-1.15,이시찬,대졸
305,2015, 롯데,26.0,LF,54,141,138,116,18,28,6,0,1,37,8,4,2,18,4,0,40,4,3,0,0.241,0.362,0.319,0.681,-0.032,81.0,0.15,김민하,대졸
306,2020, 삼성,27.0,1B,98,245,241,216,25,39,7,1,10,78,30,3,1,18,5,0,64,7,4,2,0.181,0.257,0.361,0.618,-0.066,53.5,-0.27,이성규,대졸
307,2022, 롯데,27.0,2B,88,222,218,205,20,50,10,1,2,68,16,3,1,11,2,1,38,5,4,0,0.244,0.289,0.332,0.621,-0.038,71.2,-0.15,이호연,대졸
308,2005, 롯데,22.0,1B,100,309,308,280,19,69,8,0,8,101,42,4,1,24,3,0,58,9,1,1,0.246,0.312,0.361,0.673,-0.033,79.8,1.07,최준석,대졸
309,2018, 두산,25.0,CF,119,198,193,183,35,51,6,4,1,68,17,9,0,9,0,0,33,4,5,1,0.279,0.311,0.372,0.683,-0.048,68.5,0.49,조수행,대졸
310,2011, 삼성,25.0,CF,99,384,379,340,51,100,15,0,2,121,24,33,8,29,9,1,47,9,4,2,0.294,0.363,0.356,0.719,-0.004,101.7,1.91,배영섭,대졸
311,2017, 한화,24.0,SS,46,121,117,106,8,25,2,1,1,32,7,2,0,9,0,0,24,2,4,2,0.236,0.291,0.302,0.593,-0.085,41.0,-0.13,정경운,대졸
312,2012, 한화,25.0,C,72,192,185,170,17,30,10,0,3,49,13,7,5,13,1,0,55,6,7,1,0.176,0.238,0.288,0.526,-0.074,39.3,-0.82,정범모,대졸
313,2019, 롯데,27.0,CF,71,162,162,149,14,38,4,0,1,45,17,2,1,12,1,0,28,1,0,0,0.255,0.315,0.302,0.617,-0.037,72.0,-0.02,허일,대졸
314,2016, LG,28.0,LF,103,320,314,276,38,81,10,1,6,111,41,6,9,34,3,0,49,3,6,1,0.293,0.376,0.402,0.778,-0.003,101.2,1.32,이천웅,대졸
315,2003, LG,23.0,3B,55,209,208,182,24,49,9,1,7,81,28,7,1,16,7,0,50,1,1,3,0.269,0.346,0.445,0.791,0.000,102.3,1.42,김상현,대졸
316,2003, 두산,23.0,SS,59,154,148,141,16,31,4,0,1,38,6,2,0,6,1,0,23,10,6,0,0.220,0.257,0.270,0.527,-0.094,26.9,-1.19,손시헌,대졸
317,2016, NC,25.0,LF,122,325,322,253,60,66,7,1,1,78,12,2,5,66,2,0,62,4,2,1,0.261,0.416,0.308,0.724,0.004,106.2,1.85,김준완,대졸
318,2013, NC,29.0,LF,128,546,539,465,72,129,12,7,0,155,22,50,14,57,17,1,100,11,6,1,0.277,0.376,0.333,0.709,-0.007,97.4,3.11,김종호,대졸
319,2013, NC,23.0,LF,121,397,390,349,42,71,19,1,15,137,54,4,1,36,2,0,75,6,7,3,0.203,0.279,0.393,0.672,-0.045,66.0,1.01,권희동,대졸
320,2022, LG,25.0,RF,106,390,380,327,55,99,15,3,6,138,41,9,6,51,3,2,36,13,8,1,0.303,0.401,0.422,0.823,0.044,139.8,3.62,문성주,대졸
321,2007, SK,26.0,1B,100,229,223,208,26,46,12,2,4,74,25,2,1,15,2,2,50,5,4,0,0.221,0.280,0.356,0.636,-0.044,65.2,-0.42,박정권,대졸
